<?xml version="1.0" encoding="UTF-8" standalone="no"?>
<registration_data version="1.0">
   <environment>
      <hostname>IBM-R587MVG0HEH</hostname>
      <hostId/>
      <osName>Windows 7</osName>
      <osVersion>6.1</osVersion>
      <osArchitecture>x86</osArchitecture>
      <systemModel>4061B54</systemModel>
      <systemManufacturer>LENOVO</systemManufacturer>
      <cpuManufacturer>GenuineIntel</cpuManufacturer>
      <serialNumber>L3AEZ6X</serialNumber>
   </environment>
   <registry urn="urn:st:e0d2aea0-3683-467e-9342-1577e4ceaaac" version="1.0">
      <service_tag>
         <instance_urn>urn:st:ad5d3820-1756-4fa5-84f5-52a0609d617e</instance_urn>
         <product_name>Java SE 7 Runtime Environment</product_name>
         <product_version>1.7.0_03</product_version>
         <product_urn>JSERE-007-ZZZZ</product_urn>
         <product_parent_urn>urn:uuid:dc1704fe-264f-11dc-9482-080020a9ed93</product_parent_urn>
         <product_parent>Java Platform Standard Edition 7 (Java SE 7)</product_parent>
         <product_defined_inst_id>id=1.7.0_03-b05 x86,dir=C:\Program Files (x86)\Java\jre7</product_defined_inst_id>
         <product_vendor>Oracle Corporation</product_vendor>
         <platform_arch>x86</platform_arch>
         <timestamp>2012-04-20 22:24:20 GMT</timestamp>
         <container>global</container>
         <source>Windows JRE installer</source>
         <installer_uid>-1</installer_uid>
      </service_tag>
   </registry>
</registration_data>
